Variable,Description,Data source
muni_name,Municipality name,Adapted from US Census Bureau Geographic Names
pop_2010,"Total population, 2010",2010 US Census Bureau Decennial Census of Population and Housing
pop_2020,"Total population, 2020",2020 US Census Bureau Decennial Census P.L. 94-171 Redistricting Data Summary Files
pop_65pl_2010,"Percent of population age 65 years or older, 2010",2010 US Census Bureau Decennial Census of Population and Housing
pop_65pl_2020,"Percent of population age 65 years or older, 2020",2016-2020 US Census Bureau American Community Survey 5-Year Estimates
pop_poc_2010,"Percent of population people of color (not White, Non-Hispanic/Latino), 2010",2010 US Census Bureau Decennial Census of Population and Housing
pop_poc_2020,"Percent of population people of color (not White, Non-Hispanic/Latino), 2020",2020 US Census Bureau Decennial Census P.L. 94-171 Redistricting Data Summary Files
geometry,municipal boundaries,"2010, 2020 US Census Bureau TIGER/Line Shapefiles"
