Variable Name,Description,Data Source 2010,Data Source 2020
Location,Geography,Adapted from US Census Bureau Geographic Names,Adapted from US Census Bureau Geographic Names
year,Data year,2010,2020
Hispanic,"Hispanic, Latino",2010 US Census Bureau Decennial Census of Population and Housing,2020 US Census Bureau Decennial Census P.L. 94-171 Redistricting Data Summary Files
NH Asian,"Asian, Non-Hispanic/Latino",2010 US Census Bureau Decennial Census of Population and Housing,2020 US Census Bureau Decennial Census P.L. 94-171 Redistricting Data Summary Files
NH Black,"Black, Non-Hispanic/Latino",2010 US Census Bureau Decennial Census of Population and Housing,2020 US Census Bureau Decennial Census P.L. 94-171 Redistricting Data Summary Files
NH White,"White, Non-Hispanic/Latino",2010 US Census Bureau Decennial Census of Population and Housing,2020 US Census Bureau Decennial Census P.L. 94-171 Redistricting Data Summary Files
NH Other,"Other, Non-Hispanic/Latino",2010 US Census Bureau Decennial Census of Population and Housing,2020 US Census Bureau Decennial Census P.L. 94-171 Redistricting Data Summary Files
NH Multiracial,"Multiracial, Non-Hispanic/Latino",2010 US Census Bureau Decennial Census of Population and Housing,2020 US Census Bureau Decennial Census P.L. 94-171 Redistricting Data Summary Files
Under 5,Under 5 years of age,2010 US Census Bureau Decennial Census of Population and Housing,2016-2020 US Census Bureau American Community Survey 5-Year Estimates
5 to 14,Age 5 to 14 years,2010 US Census Bureau Decennial Census of Population and Housing,2016-2020 US Census Bureau American Community Survey 5-Year Estimates
15 to 24,Age 15 to 24 years,2010 US Census Bureau Decennial Census of Population and Housing,2016-2020 US Census Bureau American Community Survey 5-Year Estimates
25 to 34,Age 25 to 34 years,2010 US Census Bureau Decennial Census of Population and Housing,2016-2020 US Census Bureau American Community Survey 5-Year Estimates
35 to 44,Age 35 to 44 years,2010 US Census Bureau Decennial Census of Population and Housing,2016-2020 US Census Bureau American Community Survey 5-Year Estimates
45 to 54,Age 45 to 54 years,2010 US Census Bureau Decennial Census of Population and Housing,2016-2020 US Census Bureau American Community Survey 5-Year Estimates
55 to 64,Age 55 to 64 years,2010 US Census Bureau Decennial Census of Population and Housing,2016-2020 US Census Bureau American Community Survey 5-Year Estimates
65 to 74,Age 65 to 74 years,2010 US Census Bureau Decennial Census of Population and Housing,2016-2020 US Census Bureau American Community Survey 5-Year Estimates
75 to 84,Age 75 to 84 years,2010 US Census Bureau Decennial Census of Population and Housing,2016-2020 US Census Bureau American Community Survey 5-Year Estimates
85 and over,Age 85 years and older,2010 US Census Bureau Decennial Census of Population and Housing,2016-2020 US Census Bureau American Community Survey 5-Year Estimates
Female,Female,2010 US Census Bureau Decennial Census of Population and Housing,2016-2020 US Census Bureau American Community Survey 5-Year Estimates
Male,Male,2010 US Census Bureau Decennial Census of Population and Housing,2016-2020 US Census Bureau American Community Survey 5-Year Estimates
